,Aakash Educational Services Pvt. Ltd.,Unnamed: 1,Unnamed: 2,Unnamed: 3,Unnamed: 4
0,"- Regd. Office : Aakash Tower, 8,",,,,
1,"Pusa Road,",,,,
2,New Delhi-1,,,,
3,10005 Ph.011-47623456,,,,
4,SolutionsSECTION - A,,,,
5,Objective Type Questions,,,,
6,1.Which of the following is not a result of cell division?,,,,
7,(1)Growth,,,,
8,(2)Repair,,,,
9,(3)M,,,,
10,etabolism(4),,,,
11,Reproduction,,,,
12,Sol.Answer (3),,,,
13,"Growth, repair and reproduction are the result of cell division.",,,,
14,2.Mark the,,,,
15,incorrect pair.,,,,
16,(1)Hydra  –  Budding(2)Flatworm – Regeneration,,,,
17,(3)Amoeba,,,,
18,–Fragmentation,,,,
19,(4)Y,,,,
20,east – Budding,,,,
21,Sol.Answer (3),,,,
22,,,,,
23,Amoeba divides by binary fission3.Which of the following is,,,,
24,incorrect for reproduction?(1)Unicellular organisms reproduce by cell division,,,,
25,,,,,
26,(2)Reproduction is a characteristic of all living organisms,,,,
27,"(3)In unicellular organisms, reproduction and growth are linked together",,,,
28,(4)Non-living objects are incapable of reproducing,,,,
29,Sol.Answer (2),,,,
30,,,,,
31,"Reproduction is absent in sterile organism like mule, hinny, sterile/infertile human","couples,",worker,bees,etc.
32,4.Mark the,,,,
33,incorrect statement w.r.t. metabolism.,,,,
34,(1)Microbes exhibit the metabolism,,,,
35,(2)It is the property of all living forms,,,,
36,(3)The metabolic reactions can be demonstrated,,,,
37,in-vitro(4)It is not a defining feature of life forms,,,,
38,Sol.Answer (4),,,,
39,,,,,
40,Metabolism is a defining feature.Chapter 1The Living World,,,,
41,4444,,,,
42,4444,,,,
43,44,,,,
44,The Living WorldSolutions of Assignment (Set-2),,,,
45,Aakash Educational Services Pvt. Ltd.,,,,
46,"- Regd. Office : Aakash Tower, 8,",,,,
47,"Pusa Road,",,,,
48,New Delhi-1,,,,
49,10005 Ph.011-47623456,,,,
50,5.Non-living objects exhibit/show,,,,
51,(1)Property of self-replication,,,,
52,(2),,,,
53,Evolution(3)Self-regulating interactive systems,,,,
54,(4),,,,
55,Reversible growth,,,,
56,Sol.Answer (4),,,,
57,Non-living objects do not show-,,,,
58,(a)Property of self replication,,,,
59,,,,,
60,(b)Evolution,,,,
61,,,,,
62,(c)Self-regulating interactive systems,,,,
63,6.Which statement is false about the growth shown by non-living objects?,,,,
64,(1)The growth occurs from outside,,,,
65,,,,,
66,(2)The growth is reversible,,,,
67,,,,,
68,(3)The growth is due to the accumulation of material on the surface,,,,
69,,,,,
70,(4)The growth is intrinsic,,,,
71,Sol.Answer (4),,,,
72,,,,,
73,The growth shown by non-living objects is extrinsic.,,,,
74,7.Local names of various plants and animals,,,,
75,(1)Help in recognizing organisms worldwide,,,,
76,(2)Are used universally,,,,
77,(3)Are specific and distinct names,,,,
78,(4)Vary from place to place,,,,
79,Sol.Answer (4),,,,
80,,,,,
81,Local names of various plants and animals are non-universal.8.Which of the following,is,,,
82,incorrect,,,,
83,w.r.t. Binomial nomenclature?,,,,
84,(1)Biological names are generally in Latin,,,,
85,(2)The first word in a biological name represents the genus,,,,
86,,,,,
87,(3)Biological names are printed in italics,,,,
88,,,,,
89,(4)The first word of the genus starts with a small letter,,,,
90,Sol.Answer (4),,,,
91,"In Binomial nomenclature, genus always starts with a capital letter.",,,,
92,"9.What do A, B and C represent in the given scientific name respectively?",,,,
93,Mangifera,,,,
94,indicaLinnCBA,,,,
95,"(1)Generic name, specific name and author’s name",,,,
96,"(2)Specific name, generic name and author’s name",,,,
97,,,,,
98,"(3)Author’s name, specific name and generic name",,,,
99,,,,,
100,"(4)Generic name, author’s name and specific name",,,,
101,Sol.Answer (3),,,,
102,"In binomial nomenclature, Ist name is genus, 2nd is species epithet and 3rd is autho",'s name,option,l).4,45
103,4545,,,,
104,45,,,,
105,Solutions of Assignment (Set-2),,,,
106,The Living WorldAakash Educational Services Pvt. Ltd.,,,,
107,"- Regd. Office : Aakash Tower, 8,",,,,
108,"Pusa Road,",,,,
109,New Delhi-1,,,,
110,10005 Ph.011-47623456,,,,
111,10.Which of the following is,,,,
112,incorrect regarding scientific names?(1)These are also known as common names,,,,
113,(2)These ensure that each organism has only one name,,,,
114,,,,,
115,(3)These have two components – the generic name and specific epithet,,,,
116,,,,,
117,(4)These are universally accepted names,,,,
118,Sol.Answer (1),,,,
119,Scientific names are given by biologist based upon agreed rules and criteria.,,,,
120,"11.According to binomial nomenclature, every living organism has",,,,
121,(1)Two scientific names with single component,,,,
122,(2)One scientific name with two components,,,,
123,,,,,
124,"(3)Two names, one Latin and other common",,,,
125,,,,,
126,(4)One common name with three components,,,,
127,Sol.Answer (2),,,,
128,Every living organism has one scientific name with two components.12.Which of the fo,lowing i,,,
129,incorrect w.r.t. Species?,,,,
130,(1)A group of individual organisms with fundamental similarities,,,,
131,(2)Two different species breed together to produce fertile offsprings,,,,
132,(3)Human beings belong to the species,,,,
133,sapiens,,,,
134,"(4)Panthera has many specific epithet as tigris, leo and pardusSol.Answer (2)",,,,
135,Two different species cannot breed together to produce fertile offsprings.,,,,
136,13.Taxonomy deals with,,,,
137,(1)Development of zoological parks,,,,
138,(2)Study of kinds and diversity of microorganisms only,,,,
139,,,,,
140,(3)Evolutionary relationships between organisms,,,,
141,,,,,
142,(4)Classification of diverse organisms in different taxa,,,,
143,Sol.Answer (4),,,,
144,Taxonomy is classification of diverse organisms in different taxa.,,,,
145,14.Which of the following features are not shown by scientific names of various orga,ism?,,,
146,(1)They consists of two components,,,,
147,(2)They have Latin origin,,,,
148,(3)They always have “linn” abbreviation at the end of second component,,,,
149,(4)They are printed in italics,,,,
150,Sol.Answer (3),,,,
151,In scientific names author's name is optional and written in abbreviated roman.,,,,
152,4646,,,,
153,4646,,,,
154,46,,,,
155,The Living WorldSolutions of Assignment (Set-2),,,,
156,Aakash Educational Services Pvt. Ltd.,,,,
157,"- Regd. Office : Aakash Tower, 8,",,,,
158,"Pusa Road,",,,,
159,New Delhi-1,,,,
160,10005 Ph.011-47623456,,,,
161,15.The correct sequence of taxonomic study of a newly discovered organism is,,,,
162,"(1)First classification then identification, nomenclature and characterization",,,,
163,(2)First identification then classifying organism and then characterizations and nom,nclature,,,
164,,,,,
165,"(3)First nomenclature then characterization, identification and classification",,,,
166,,,,,
167,(4)First characterisation then identification and  classification and then nomenclat,re,,,
168,Sol.Answer (4),,,,
169,,,,,
170,Correct sequence of taxonomic study is,,,,
171,,,,,
172,Characterisation  Identification  Nomenclature,,,,
173,Classification (First),,,,
174,(Last),,,,
175,16.Which one of the following statements given below is not included in universal ru,es of no,enclat,re?,
176,(1)Generic names and specific epithet should be in Latin words,,,,
177,,,,,
178,(2)Generic name is immediately followed by name of taxonomists who described it firs,ly,,,
179,,,,,
180,(3)Generic name must begin with capital letter,,,,
181,,,,,
182,(4)All letters of the specific name must be small,,,,
183,Sol.Answer (2),,,,
184,,,,,
185,Fact based17.Find the correct sequence of taxonomic categories.,,,,
186,(1)Division,,,,
187,Kingdom,,,,
188,Genus  Order(2)Species,,,,
189,Genus,,,,
190,Family  Order(3)Class,,,,
191,Order,,,,
192,Family  Division,,,,
193,(4)Kingdom,,,,
194,Class  Species,,,,
195,OrderSol.Answer (2),,,,
196,,,,,
197,Correct sequence of taxonomic categories.,,,,
198,,,,,
199,Species,,,,
200,Genus  Family Order18.Which of the following is a class?,,,,
201,(1)Mammalia,,,,
202,(2)Sapindales,,,,
203,(3)Primate,,,,
204,(4)Poales,,,,
205,Sol.Answer (1),,,,
206,Mammalia–,,,,
207,ClassSapindales–,,,,
208,OrderPrimata–,,,,
209,OrderPoales–,,,,
210,Order19.______ is the assemblage of families which exhibit a few similar characters.,,,,
211,(1)Class,,,,
212,(2),,,,
213,Genus(3)S,,,,
214,pecies(4),,,,
215,OrderSol.Answer (4),,,,
216,Species,,,,
217,Genus,,,,
218,Family,,,,
219,Order Class Division Kingdom20.Fill in the blanks A and B.,,,,
220,Kingdom  Phylum  [A],,,,
221,Order,,,,
222,[B](1)A - Genus; B - Species,,,,
223,(2)A - Family; B - Class,,,,
224,(3)A - Class; B - Family,,,,
225,(4)A - Species; B - Division,,,,
226,Sol.Answer (3),,,,
227,Fact based4747,,,,
228,4747,,,,
229,47,,,,
230,Solutions of Assignment (Set-2),,,,
231,The Living WorldAakash Educational Services Pvt. Ltd.,,,,
232,"- Regd. Office : Aakash Tower, 8,",,,,
233,"Pusa Road,",,,,
234,New Delhi-1,,,,
235,10005 Ph.011-47623456,,,,
236,21.Match the following columns,,,,
237,Column-IColumn-IIa.Binomial nomenclature,,,,
238,(i)Carolus Linnaeus,,,,
239,b.Generic nam,,,,
240,e(ii)Muscidae,,,,
241,c.Family,,,,
242,(iii)Pantherad.,,,,
243,Systema naturae,,,,
244,"(1)a(i), b(iii), c(iii), d(ii)(2)a(i), b(iii), c(ii), d(i)(3)a(ii), b(i), c(i), d(ii",)(4)a(ii,"), b(i",", c(","i),"
245,Sol.Answer (2),,,,
246,Binomial nomenclature–Carolus Linnaeus,,,,
247,Generic name–PantheraFamily–Muscidae,,,,
248,Systema naturae–,,,,
249,Carolus Linnaeus,,,,
250,22.Genus is a category which comes in between the,,,,
251,(1)Family and Species(2)Class and Family(3),,,,
252,Order and Phylum(4)Kingdom and Class,,,,
253,Sol.Answer (1),,,,
254,Species,,,,
255,Genus,,,,
256,Family,,,,
257,23.Three different genera,,,,
258,Solanum,,,,
259,",",,,,
260,Petunia and Datura are placed in the family(1)Poaceae,,,,
261,(2)Anacardiaceae,,,,
262,(3)Hominidae,,,,
263,(4)Solanaceae,,,,
264,Sol.Answer (4),,,,
265,,,,,
266,Genera  – Solanum,,,,
267,", Petunia, Datura",,,,
268,Family – Solanaceae24.Cat and dog are placed in which families respectively,,,,
269,(1)Felidae and Hominidae,,,,
270,(2)Muscidae and Felidae,,,,
271,(3)Poaceae and Canidae,,,,
272,(4)Felidae and Canidae,,,,
273,Sol.Answer (4),,,,
274,,,,,
275,Animal – CatDog,,,,
276,,,,,
277,Family – Felidae,,,,
278,Canidae,,,,
279,25.Which one of the following criteria is/are essential and form the basis of classi,al taxon,mic st,dies,
280,(1)Ecological information of,,,,
281,organisms(2),,,,
282,Development process,,,,
283,(3)External and internal structure,,,,
284,(4)External structure,,,,
285,Sol.Answer (4),,,,
286,,,,,
287,Basis of modern taxonomic studies.,,,,
288,External and internal structure,,,,
289,,,,,
290,Developmental process,,,,
291,,,,,
292,Ecological information of organisms4848,,,,
293,4848,,,,
294,48,,,,
295,The Living WorldSolutions of Assignment (Set-2),,,,
296,Aakash Educational Services Pvt. Ltd.,,,,
297,"- Regd. Office : Aakash Tower, 8,",,,,
298,"Pusa Road,",,,,
299,New Delhi-1,,,,
300,10005 Ph.011-47623456,,,,
301,"26.In which of the following pair of category, greater is the difficulty of determin",ng the r,lation,hip,o ot
302,"at the same level, thus the problem of classification becomes more complex?",,,,
303,(1)Genus and species,,,,
304,(2)Tribe and genus,,,,
305,(3)Division and ph,,,,
306,ylum(4)S,,,,
307,pecies and family,,,,
308,Sol.Answer (3),,,,
309,Division and Phylum are at very next higher rank and they have lower number of simil,rity27.I,taxon,mic,iera
310,to other?,,,,
311,"(1)Solanaceae, Convolvulaceae and Poaceae(2)",,,,
312,"Polymoniales, Poales and Sapindales(3)Solanum,",,,,
313,Petunia,,,,
314,"and Atropa(4)Leopard, tiger and lion",,,,
315,Sol.Answer (2),,,,
316,,,,,
317,"(1)Solanaceae, Convolvulacea, Poaceae – Family",,,,
318,,,,,
319,"(2)Polymoniales,",,,,
320,"Poales, Sapindales – Order",,,,
321,"(3)Solunum, Petunia",,,,
322,and,,,,
323,"Atropa – Genus(4)Leopard , Tiger, Lion – Species",,,,
324,,,,,
325,Less number of similarity will be in order.,,,,
326,28.Taxonomic categories which come lower to the rank of class are,,,,
327,"(1)Order, phylum, family, species",,,,
328,"(2)Order, family, genus, species",,,,
329,"(3)Division, family, order, genus",,,,
330,"(4)Order, division, genus, species",,,,
331,Sol.Answer (2),,,,
332,Class,,,,
333,Order,,,,
334,Family,,,,
335,Genus,,,,
336,Species,,,,
337,Lower to Class Rank,,,,
338,29.Two animals A and B have similar morphological features and are fundamentally sim,lar with,each o,"her,",they
339,must be treated as(1)One biological species,,,,
340,(2)Two distinct species,,,,
341,(3)One biological genera,,,,
342,(4)Two distinct genera,,,,
343,Sol.Answer (1),,,,
344,Morphological feature,,,,
345,Similar,,,,
346,Fundamentally,,,,
347,One biological species,,,,
348,4949,,,,
349,4949,,,,
350,49,,,,
351,Solutions of Assignment (Set-2),,,,
352,The Living WorldAakash Educational Services Pvt. Ltd.,,,,
353,"- Regd. Office : Aakash Tower, 8,",,,,
354,"Pusa Road,",,,,
355,New Delhi-1,,,,
356,10005 Ph.011-47623456,,,,
357,"30.A place used for storing, preservation and exhibition of both plants and animals",s known,s,,
358,(1)Herbaria,,,,
359,(2),,,,
360,Botanical Garden(3)Museum,,,,
361,(4)Zoos,,,,
362,Sol.Answer (3),,,,
363,"Storing, preservation",,,,
364,& exhibition,,,,
365,Plants,,,,
366,&Animals,,,,
367,Museum,,,,
368,31.Herbarium consists of,,,,
369,(1)Collection of living plants,,,,
370,(2)Collection of plant and animal specimens preserved in the containers,,,,
371,(3)Preserved insects in boxes after collecting killing and pinning,,,,
372,"(4)Herbarium sheets carrying dried, pressed and preserved plant specimens on them",,,,
373,Sol.Answer (4),,,,
374,"Herbarium consists of dried, pressed and preserved plant specimens.",,,,
375,32.National Botanical Research Institute consists of,,,,
376,(1)Dried and preserved plant specimens only,,,,
377,(2)Collection of preserved plant and animal specimens,,,,
378,,,,,
379,"(3)Flora, manuals and monographs only",,,,
380,(4)Collection of living plants for reference,,,,
381,Sol.Answer (4),,,,
382,"NBRI is a botanical garden, collection of living plants for reference.",,,,
383,33.Key is,,,,
384,(1)A form of herbaria,,,,
385,(2)A type of educational institute,,,,
386,,,,,
387,(3)A taxonomical aid used for identifying various organisms,,,,
388,,,,,
389,(4)Taxonomic category,,,,
390,Sol.Answer (3),,,,
391,"Key, a taxonomical aid, used for classification.",,,,
392,"34.In zoological parks, animals are",,,,
393,(1)Kept and preserved in containers or jars,,,,
394,(2)Preserved in boxes after killing,,,,
395,(3)Kept in protected environments under human care(4),,,,
396,Stuffed and then preserved,,,,
397,Sol.Answer (3),,,,
398,,,,,
399,"Zoological parks, animals are kept in protected environments under human care.35.For",identify,ng org,nism,thr
400,(1)Two contrasting characters are used,,,,
401,(2)One similar character is studied,,,,
402,(3)Two or more similar characters are used,,,,
403,(4)Only one statement called lead is used,,,,
404,Sol.Answer (1),,,,
405,,,,,
406,"Key, a taxonomical aid, has two contrasting characters.",,,,
407,5050,,,,
408,5050,,,,
409,50,,,,
410,The Living WorldSolutions of Assignment (Set-2),,,,
411,Aakash Educational Services Pvt. Ltd.,,,,
412,"- Regd. Office : Aakash Tower, 8,",,,,
413,"Pusa Road,",,,,
414,New Delhi-1,,,,
415,10005 Ph.011-47623456,,,,
416,SECTION - BObjective Type Questions,,,,
417,1.Select correct statement for growth as one of the characteristic of living organis,s.,,,
418,(1)Growth by increase in mass is a defining property of prokaryotic organisms only,,,,
419,(2)Non-living objects do not show growth by increase in mass of body,,,,
420,,,,,
421,(3)Intrinsic growth is a characteristic of all living organisms,,,,
422,(4)Growth can be extrinsic or intrinsic for multicellular organisms,,,,
423,Sol.Answer (3),,,,
424,Intrinsic growth is a characteristic of all living organisms while in non-living thi,g extrin,ic gro,th i,pos
425,(1)Most of the fungi and,,,,
426,"Planaria(2)Desmids, diatoms and protozoans",,,,
427,"(3)Cyanobacteria, fungi and mosses",,,,
428,"(4)Mosses, algae and hydra",,,,
429,Sol.Answer (2),,,,
430,,,,,
431,"Reproduction is synonymous with growth in unicellular organisms like- desmids, diato",s and pr,tozoan,.3.C,rolu
432,(1)Genera Plantarum(2)Binomial nomenclature,,,,
433,(3)Described nearly ten thousand plants and animal species,,,,
434,,,,,
435,(4)Die Naturlichen Pflanzen Familien,,,,
436,Sol.Answer (2),,,,
437,Carolus Linnaeus’s contribution in taxonomy is – Binomial nomenclature,,,,
438,4.Binomial epithet has,,,,
439,(1)Two Latin names only,,,,
440,(2)Two Italics names written in Latin,,,,
441,,,,,
442,(3)Two Latin names and author's name in Italics,,,,
443,(4)Two Latin names followed by author's name in Roman,,,,
444,Sol.Answer (4),,,,
445,Binomial epithet has – two Latin names followed by author's name in Roman.,,,,
446,5.Systematics is the study of,,,,
447,(1)Diversity amongst groups,,,,
448,of organisms(2)Grouping of organisms,,,,
449,(3)Identification and grouping of organisms,,,,
450,(4)I,,,,
451,"dentification, classification and taxonomySol.Answer (1)",,,,
452,,,,,
453,"Systematics, study of diversity amongst groups of organisms.6.Which one of the follo",ing crit,ria is,are,ssen
454,(1)Ecological information of organi,,,,
455,sms(2),,,,
456,Development process,,,,
457,(3)External and internal structure,,,,
458,(4)All of these,,,,
459,5151,,,,
460,5151,,,,
461,51,,,,
462,Solutions of Assignment (Set-2),,,,
463,The Living WorldAakash Educational Services Pvt. Ltd.,,,,
464,"- Regd. Office : Aakash Tower, 8,",,,,
465,"Pusa Road,",,,,
466,New Delhi-1,,,,
467,10005 Ph.011-47623456,,,,
468,Sol.Answer (4),,,,
469,Modern taxonomic studies are Ecological information of organisms Development process,,,,
470,External and internal structure7.Which one of the following is the first publicatio,of Caro,us Lin,aeus,
471,(1)Systema Naturae(2)Classes Plantarum,,,,
472,(3)Hortus Cliffortianus(4)Hortus Upplandicus,,,,
473,Sol.Answer (4),,,,
474,Publications of Carolus Linnaeus,,,,
475,,,,,
476,Hortus Upplandicus (First),,,,
477,Philosphica Botanica Species Plantrum,,,,
478,Systema Nature8.Scientific name,,,,
479,Rattus rattus,,,,
480,is an example of,,,,
481,(1)Binomial nomenclature,,,,
482,(2)Tautonyms,,,,
483,(3)Synonyms,,,,
484,(4)Both (1) & (2),,,,
485,Sol.Answer (4),,,,
486,,,,,
487,Rattus rattus,,,,
488,Binomial nomenclature Tautonyms,,,,
489,9.Given organisms belongs to how many genera?,,,,
490,"Wheat, Brinjal, Potato, Lion, Dog, Tiger",,,,
491,(1)Three,,,,
492,(2)Two,,,,
493,(3)Four(4)Five,,,,
494,Sol.Answer (3),,,,
495,AnimalGeneraWheat–Triticum,,,,
496,Brinjal & Potato–,,,,
497,Solanum Four generaLion & Tiger–,,,,
498,PantheraDog–Canis,,,,
499,10.Organisms which can freely interbreed and produce fertile offspring and have simi,ar coded,inform,tion,or b
500,print for making these organisms are called(1)Species,,,,
501,(2),,,,
502,Tribe(3)Genus(4)Sub-genus,,,,
503,Sol.Answer (1),,,,
504,Species–,,,,
505,Freely interbreed,,,,
506,–Fertile offspring,,,,
507,5252,,,,
508,5252,,,,
509,52,,,,
510,The Living WorldSolutions of Assignment (Set-2),,,,
511,Aakash Educational Services Pvt. Ltd.,,,,
512,"- Regd. Office : Aakash Tower, 8,",,,,
513,"Pusa Road,",,,,
514,New Delhi-1,,,,
515,10005 Ph.011-47623456,,,,
516,11.The correct sequence of taxonomic categories is,,,,
517,(1)Division—class—family—tribe—order—genus —species,,,,
518,(2)Division—class—order—family—tribe—genus —species,,,,
519,,,,,
520,(3)Phylum—order—class—tribe—family—genus—species,,,,
521,,,,,
522,(4)Class—phylum—tribe—order—family—genus—species,,,,
523,Sol.Answer (2),,,,
524,Hierarchy of taxonomic categoriesKingdom,,,,
525,Division Class  Order  Family  Genus   Species,,,,
526,12.Two species can be said to be reproductively isolated if they are,,,,
527,(1)Interfertile,,,,
528,(2),,,,
529,Not interfertile,,,,
530,(3)Do not grow together in a common habitat(4)Growing together in a common habitat,,,,
531,Sol.Answer (2),,,,
532,Reproductively isolated two species – Not interfertile13.A genus having many species,is known,as,,
533,(1)Polytypic,,,,
534,(2),,,,
535,Monotypic,,,,
536,(3)Polygamic(4)Both (1) & (3),,,,
537,Sol.Answer (1),,,,
538,Polytypic genus – A genus having many species,,,,
539,"14.In taxonomic hierarchy, which of the following group of taxa will have more numbe",of simi,aritie,as,ompa
540,"to other?(1)Anacardiaceae, Convolvulaceae and Poaceae(2)",,,,
541,"Polymoniales, Poales and Sapindales",,,,
542,"(3)Solanum, Petunia and Atropa(4)Leopard, tiger and lion",,,,
543,Sol.Answer (4),,,,
544,"Orders have less similarities than family, genus and species.",,,,
545,"15.In which of the following pair of category, greater is the difficulty of determin",ng the r,lation,hip,o ot
546,"at the same level, thus, the problem of classification becomes more complex?(1)Genus",and spec,es,,
547,(2)Variety and genus,,,,
548,(3)Division and phylum,,,,
549,(4)Species and family,,,,
550,Sol.Answer (3),,,,
551,,,,,
552,Higher the categories in hierarchy will be lesser,,,,
553,similarities and will show difficulty of determining therelationship to other.,,,,
554,"16.Rice, cereals, monocots and plants represent",,,,
555,(1)Different taxa at different level,,,,
556,(2)Same taxa of different category,,,,
557,(3)Different category of same taxa,,,,
558,(4)Same category for different taxa,,,,
559,Sol.Answer (1),,,,
560,"Rice,   Cereals,   Monocots,   Plants",,,,
561,SpeciesFamilyClassKingdom,,,,
562,5353,,,,
563,5353,,,,
564,53,,,,
565,Solutions of Assignment (Set-2),,,,
566,The Living WorldAakash Educational Services Pvt. Ltd.,,,,
567,"- Regd. Office : Aakash Tower, 8,",,,,
568,"Pusa Road,",,,,
569,New Delhi-1,,,,
570,10005 Ph.011-47623456,,,,
571,17.The equivalent rank of Carnivora in taxonomic categories of man and housefly is r,spective,y,,
572,(1)Homo,,,,
573,and,,,,
574,Musca(2)Hominidae and Muscidae,,,,
575,(3)Mammalia and Insecta,,,,
576,(4)Primata and Diptera,,,,
577,Sol.Answer (4),,,,
578,AnimalOrder,,,,
579,Lion–,,,,
580,CarnivoraMan–Primata,,,,
581,,,,,
582,Housefly–Diptera,,,,
583,"18.All given are suffixes used for category class, except",,,,
584,(1)-phyta,,,,
585,(2)-opsida,,,,
586,(3)-phyceae,,,,
587,(4)-ae,,,,
588,Sol.Answer (1),,,,
589,,,,,
590,–phyta–D,,,,
591,ivision–opsida–,,,,
592,Class–phyceae–,,,,
593,Class–ae–Class,,,,
594,19.Biological concept of species was given by ________ and it is based on ________,,,,
595,(1)Lamarck; physiological isolation,,,,
596,(2)Linnaeus; morphological isolation,,,,
597,(3)Ernst Mayr; mechanical isolation,,,,
598,(4)Ernst Mayr; reproductive isolation,,,,
599,Sol.Answer (4),,,,
600,,,,,
601,Biological concept of species,,,,
602,,,,,
603,Ernst Mayr,,,,
604,Reproductive isolation20.Which category comes after phylum in descending order in t,xonomic,ierarc,y?,
605,(1)Genus,,,,
606,(2)Family(3)Class,,,,
607,(4)Species,,,,
608,Sol.Answer (3),,,,
609,,,,,
610,"Phylum  Class21.Order primata and carnivora are placed in the same class,",,,,
611,i.e.,,,,
612,(1)Hominidae,,,,
613,(2),,,,
614,Mammalia(3)Insecta(4)ChordataSol.Answer (2),,,,
615,Order Clas,,,,
616,sPrimata,,,,
617,Carnivora,,,,
618,Mammalia,,,,
619,"22.Fishes, amphibians, reptiles and birds are kept in the same",,,,
620,(1)Order,,,,
621,(2)Class(3),,,,
622,Genus(4)PhylumSol.Answer (4),,,,
623,FishesPiscesChordata,,,,
624,AmphibiansAmphibiansChordata,,,,
625,ReptilesReptiliaChordata,,,,
626,BirdsAvesChordata,,,,
627,ClassPhylum,,,,
628,Animals,,,,
629,5454,,,,
630,5454,,,,
631,54,,,,
632,The Living WorldSolutions of Assignment (Set-2),,,,
633,Aakash Educational Services Pvt. Ltd.,,,,
634,"- Regd. Office : Aakash Tower, 8,",,,,
635,"Pusa Road,",,,,
636,New Delhi-1,,,,
637,10005 Ph.011-47623456,,,,
638,23.Choose odd one out w.r.t.,,,,
639,Panthera leo(1)Common name of tiger,,,,
640,(2)Panthera,,,,
641,represents generic name,,,,
642,(3)leo represents specific epithet,,,,
643,(4)Panthera,,,,
644,represents higher level of taxon than,,,,
645,leo,,,,
646,Sol.Answer (1),,,,
647,Panthera leo is common name of lion.24.Potato and brinjal belong to the genus,,,,
648,Solanum,,,,
649,", which reflects that(1)They belong to single species",,,,
650,,,,,
651,(2)They are a group of related species,,,,
652,,,,,
653,(3)They both are morphologically and structurally similar to each other in all respe,ts,,,
654,(4)They can always produce fertile hybrid,,,,
655,Sol.Answer (2),,,,
656,Potato and Brinjal are a group of related species.25.Class mammalia consists of,,,,
657,(1)Order carnivora only,,,,
658,(2),,,,
659,"Families like felidae and canidae only(3)Related orders like carnivora, primata, etc",(4)All a,imals,elon,ing
660,Sol.Answer (3),,,,
661,,,,,
662,Order,,,,
663,ClassCarnivoraMammaliaPrimata,,,,
664,"26.Dicots like mango, brinjal and monocot like wheat are placed under a common taxon",mic cate,ory kn,wn a,
665,(1)Phylum – Arthropoda,,,,
666,(2)Phylum – Angiospermae,,,,
667,(3)Division – Angiospermae,,,,
668,(4)Class –,,,,
669,AngiospermaeSol.Answer (3),,,,
670,ClassDivisionDicot,,,,
671,Angiosperm,,,,
672,MonocotAngiosperm27.Rice and brinjal belong to the category ending with suffix,,,,
673,(1)“aceae”,,,,
674,(2)“ales”(3)“phyta”,,,,
675,(4)“ae”,,,,
676,Sol.Answer (3),,,,
677,,,,,
678,SpeciesFamily,,,,
679,ClassDivisionRicePoaceaeMonocotAngiospermBrinjalSolanaceae,,,,
680,DicotAngiosperm,,,,
681,28.Various taxonomic categories are,,,,
682,(1)Mere morphological aggregates,,,,
683,(2)Distinct biological entities,,,,
684,(3)International codes used for nomenclature,,,,
685,,,,,
686,(4)Collection of organisms on structural similarities only,,,,
687,Sol.Answer (2),,,,
688,Various taxonomic categories are distinct biological entities,,,,
689,5555,,,,
690,5555,,,,
691,55,,,,
692,Solutions of Assignment (Set-2),,,,
693,The Living WorldAakash Educational Services Pvt. Ltd.,,,,
694,"- Regd. Office : Aakash Tower, 8,",,,,
695,"Pusa Road,",,,,
696,New Delhi-1,,,,
697,10005 Ph.011-47623456,,,,
698,"29.Plants belonging to different classes, with a few similar characters are assigned",to a cat,gory c,lled,
699,(1)Phylum,,,,
700,(2),,,,
701,Order(3)Division,,,,
702,(4)GenusSol.Answer (3),,,,
703,Class  Division  Kingdom,,,,
704,"30.Amongst the given taxonomic aids, how many are associated with preservation of sp",cimens?,,,
705,"Monograph, Flora, Key, Museums, Botanical",,,,
706,"gardens, Catalogoue, Herbarium, Manual",,,,
707,(1)One,,,,
708,(2)Three,,,,
709,(3)Two,,,,
710,(4)FourSol.Answer (3),,,,
711,Preservation of specimens is done in taxonomic aids Museum Herbarium31.Which of the,ollowing,chemic,ls i,use
712,(1)Hg,,,,
713,2Cl,,,,
714,2(2)AgNO,,,,
715,3(3)HCl,,,,
716,(4)HgCl,,,,
717,2Sol.Answer (4),,,,
718,Poisoning chemical for the specimens – HgCl,,,,
719,232.The international size of herbarium sheet is,,,,
720,(1)41 × 29 cm,,,,
721,(2)40 × 30 inches(3)42 × 20 cm(4)39 × 28 cm,,,,
722,Sol.Answer (1),,,,
723,,,,,
724,International size of herbarium sheet is 41 × 29 cm,,,,
725,33.Find the correct sequence of various steps of herbarium technique,,,,
726,a.Drying,,,,
727,b.,,,,
728,Poisoningc.Collection,,,,
729,d.Labelling,,,,
730,e.Mounting,,,,
731,f.Deposition,,,,
732,g.Stitching,,,,
733,"(1)c, a, b, e, g, d, f(2)c, b, d, e, f, g, a(3)c, a, b, e, g, f, d(4)c, a, b, g, e,",", d",,,
734,Sol.Answer (1),,,,
735,Correct sequence,,,,
736,Collection,,,,
737,Drying  Poisoning  Mounting  Stitching,,,,
738,Labelling  Deposition,,,,
739,34.Select the correct match,,,,
740,Column I,,,,
741,Column II,,,,
742,a.,,,,
743,Ex-situ conservation,,,,
744,(i)Central national Herbariumb.Quick referral system,,,,
745,(ii)Museum,,,,
746,c.Preserved plants and animals,,,,
747,(iii)Flora,,,,
748,"d.Actual account of habitat and distribution(iv)Royal Botanical Gardens, Kew",,,,
749,of plants of a given area,,,,
750,"(1)a(ii), b(iii), c(iv), d(i)",,,,
751,"(2)a(i), b(iv), c(ii), d(iii)",,,,
752,"(3)a(iv), b(i), c(iii), d(ii)",,,,
753,"(4)a(iv), b(i), c(ii), d(iii)",,,,
754,5656,,,,
755,5656,,,,
756,56,,,,
757,The Living WorldSolutions of Assignment (Set-2),,,,
758,Aakash Educational Services Pvt. Ltd.,,,,
759,"- Regd. Office : Aakash Tower, 8,",,,,
760,"Pusa Road,",,,,
761,New Delhi-1,,,,
762,10005 Ph.011-47623456,,,,
763,Sol.Answer (4),,,,
764,Ex-situ conservation,,,,
765,–Botanical garden,,,,
766,Quick referral–Herbarium,,,,
767,Preserved plants and animals–,,,,
768,MuseumHabitat & distribution–,,,,
769,Flora,,,,
770,of plants of a given area35.Live specimens are used for reference in taxonomic studi,s in,,,
771,(1)Museum,,,,
772,(2),,,,
773,Zoological parks(3)Botanical gardens,,,,
774,(4),,,,
775,More than one option is correctSol.Answer (4),,,,
776,,,,,
777,Live specimens,,,,
778,,,,,
779,– Zoological parks,,,,
780,– Botanical gardens,,,,
781,SECTION - CPrevious Years Questions,,,,
782,1.The label of a herbarium sheet,,,,
783,does not,,,,
784,carry information on [NEET (Phase-2)-2016](1)Date of collection,,,,
785,(2)Name of collector,,,,
786,(3)Local names,,,,
787,(4)Height of the plant,,,,
788,Sol.Answer (4),,,,
789,The herbarium sheets carry a label providing information about date and place of col,"ection,",nglish,loc,l an
790,2.Study the four statements (A–D) given below and select the two,,,,
791,correct ones out of them:,,,,
792,A.Definition of biological species was given by Ernst Mayr.,,,,
793,,,,,
794,B.Photoperiod does not affect reproduction in plants.,,,,
795,,,,,
796,C.Binomial nomenclature system was given by R.H. Whittaker.,,,,
797,"D.In unicellular organisms, reproduction is synonymous with growth.",,,,
798,The two correct statements are,,,,
799,[NEET (Phase-2)-2016],,,,
800,(1)B and C,,,,
801,(2)C and D,,,,
802,(3)A,,,,
803,and D(4),,,,
804,A and B,,,,
805,Sol.Answer (3),,,,
806,Photoperiod affect reproduction in plants.Bionomial nomenclature system was given by,,,,
807,Carolus Linnaeus3.Nomenclature is governed by certain universal rules. Which one of,he follo,ing is,cont,ary
808,nomenclature?    [NEET-2016],,,,
809,"(1)When written by hand, the names are to be underlined",,,,
810,(2)Biological names can be written in any language,,,,
811,(3)The first word in a biological name represents the genus name and the second is a,specific,epithe,,
812,,,,,
813,(4)The names are written in Latin and are italicised,,,,
814,Sol.Answer (2)Biological names originate from latin language and printed in italics5,57,,,
815,5757,,,,
816,57,,,,
817,Solutions of Assignment (Set-2),,,,
818,The Living WorldAakash Educational Services Pvt. Ltd.,,,,
819,"- Regd. Office : Aakash Tower, 8,",,,,
820,"Pusa Road,",,,,
821,New Delhi-1,,,,
822,10005 Ph.011-47623456,,,,
823,4.Which one of the following is not a correct statement?,,,,
824,[NEET-2013],,,,
825,(1)Botanical gardens have collection of living plants for reference,,,,
826,(2)A museum has collection of photographs of plants and animals,,,,
827,(3)Key is a taxonomic aid for identification of specimens,,,,
828,"(4)Herbarium houses dried, pressed and preserved plant specimens",,,,
829,Sol.Answer (2),,,,
830,,,,,
831,A museum has collection of speciman of plants and animals.5.Maximum nutritional dive,sity is,ound i,the,grou
832,[AIPMT (Prelims)-2012],,,,
833,(1)Plantae,,,,
834,(2)Fungi(3)Animalia,,,,
835,(4),,,,
836,MoneraSol.Answer (4),,,,
837,6.Which one of the following aspects is an exclusive characteristic of living things,,,,
838,[AIPMT (Mains)-2011],,,,
839,(1)Perception of events happening in the environment and their memory,,,,
840,(2)Increase in mass by accumulation of material both on surface as well as internall,,,,
841,(3)Isolated metabolic reactions occur,,,,
842,in-vitro,,,,
843,(4)Increase in mass from inside only,,,,
844,Sol.Answer (4),,,,
845,Increase in mass from inside only is an exclusive characteristic of living things.7.,he livin,organ,sms,an b
846,[AIPMT (Prelims)-2007],,,,
847,(1)Growth and movement,,,,
848,(2)Responsiveness to touch,,,,
849,(3)Interaction with the environment and progressive evolution,,,,
850,(4)Reproduction,,,,
851,Sol.Answer (2),,,,
852,Defining features are,,,,
853,Metabolism,,,,
854,Consciousness Cellular structure,,,,
855,8.ICBN stands for,,,,
856,[AIPMT (Prelims)-2007](1)Indian Code of Botanical Nomenclature,,,,
857,(2)Indian Congress of Biological Names,,,,
858,(3)International Code of Botanical Nomenclature(4)International Congress of Biologic,l Names,,,
859,Sol.Answer (3),,,,
860,,,,,
861,ICBN  International Code of Botanical Nomenclature.9.Two plants can be conclusively,aid to b,long t,the,same
862,[AIPMT (Prelims)-2007](1)Have same number of chromosomes,,,,
863,(2)Can reproduce freely with each other and form seeds,,,,
864,,,,,
865,(3)Have more than 90 per cent similar genes,,,,
866,,,,,
867,(4)Look similar and possess identical secondary metabolites,,,,
868,Sol.Answer (2),,,,
869,Two same species can reproduce freely with each other and form seeds.,,,,
870,5858,,,,
871,5858,,,,
872,58,,,,
873,The Living WorldSolutions of Assignment (Set-2),,,,
874,Aakash Educational Services Pvt. Ltd.,,,,
875,"- Regd. Office : Aakash Tower, 8,",,,,
876,"Pusa Road,",,,,
877,New Delhi-1,,,,
878,10005 Ph.011-47623456,,,,
879,10.Biosystematics aims at,,,,
880,(1)The classification of organisms based on broad morphological characters,,,,
881,(2)Delimiting various taxa of organisms and establishing their relationships,,,,
882,(3)The classification of organisms based on their evolutionary history and establish,ng their,phylog,ny o,
883,the totality of various parameters from all fields of studies,,,,
884,(4)Identification and arrangement of organisms on the basis of their cytological cha,acterist,cs,,
885,Sol.Answer (3),,,,
886,Biosystematics – Classification based on their ontogeny and phylogeny.,,,,
887,11.The common characteristics between tomato and potato will be maximum at the level,of their,,,
888,(1)Genus,,,,
889,(2)Family(3),,,,
890,Order(4)D,,,,
891,ivisionSol.Answer (2),,,,
892,,,,,
893,Tomato and Potato will be maximum at the family level.,,,,
894,12.Taxonomic hierarchy refers to,,,,
895,(1)Step-wise arrangement of all categories for classification of plants and animals,,,,
896,,,,,
897,(2)A group of senior taxonomists who decide the nomenclature of plants and animals,,,,
898,(3)A list of botanists or zoologists who have worked on taxonomy of a species or gro,p,,,
899,(4)Classification of a species based on fossil record,,,,
900,Sol.Answer (1),,,,
901,"Taxonomic hierarchy, step-wise arrangement of all categories for classification of p",ants and,animal,.,
902,13.‘Taxon’ is the unit of,,,,
903,(1)Order,,,,
904,(2)T,,,,
905,axonomy(3)S,,,,
906,pecies(4),,,,
907,GenusSol.Answer (2),,,,
908,Taxon is the unit of taxonomy.,,,,
909,"14.The closely related morphologically similar sympatric populations, but reproducti",ely isol,"ted, a",e de,igna
910,as,,,,
911,(1)Clones,,,,
912,(2)Sibling species(3)Clines,,,,
913,(4)Demes,,,,
914,Sol.Answer (2),,,,
915,,,,,
916,Sibling species :,,,,
917,Morphologically similar sympatric populations,,,,
918,Reproductively isolated15.Which of the following is least general in characters as,ompared,o gene,a?,
919,(1)Species,,,,
920,(2)Division,,,,
921,(3)Class,,,,
922,(4)Family,,,,
923,Sol.Answer (1),,,,
924,,,,,
925,Species is least general in characters as compared to genera.,,,,
926,16.Species is considered as,,,,
927,(1)Real basic unit of classification,,,,
928,(2)The lowest unit of biosystematics,,,,
929,(3)Artificial concept of human mind which cannot be defined in absolute terms,,,,
930,(4)Real units of classification devised by taxonomists,,,,
931,5959,,,,
932,5959,,,,
933,59,,,,
934,Solutions of Assignment (Set-2),,,,
935,The Living WorldAakash Educational Services Pvt. Ltd.,,,,
936,"- Regd. Office : Aakash Tower, 8,",,,,
937,"Pusa Road,",,,,
938,New Delhi-1,,,,
939,10005 Ph.011-47623456,,,,
940,Sol.Answer (1),,,,
941,Species is real basic unit of classification.,,,,
942,17.Which of the following is,,,,
943,not true for a species?(1)Members of a species can interbreed,,,,
944,(2)Gene flow does not occur between the populations of a species,,,,
945,,,,,
946,(3)Each species is reproductively isolated from every other species,,,,
947,,,,,
948,(4)Variations occur among members of a species,,,,
949,Sol.Answer (2),,,,
950,Gene flow occurs between the populations of a species.,,,,
951,18.One of the most important function of botanical gardens is that,,,,
952,(1)They provide a beautiful area for recreation,,,,
953,(2)One can observe tropical plants there,,,,
954,(3)They allow,,,,
955,ex-situ conservation of germplasm(4)They provide the natural habitat for wildlife,,,,
956,Sol.Answer (3),,,,
957,Botanical gardens – Ex-situ conservation of germplasm.SECTION - DAssertion - Reason,ype Ques,ions,,
958,1.A :Members of a species are reproductively isolated from the members of other spec,es.,,,
959,R :Species is the basic taxonomic category.,,,,
960,Sol.Answer (2)Assertion & Reason both are corect but not explanation of assertion.2.,:,,,
961,Panthera,,,,
962,is a polytypic genera.R :Panthera,,,,
963,has specific epithets like,,,,
964,"leo, tigris, pardus.Sol.Answer (1)",,,,
965,Panthera is a polytypic genera because it has more than two specific epithets like –,,,,
966,"leo, tigris, pardus.3.A :A group of closely related families form an order.",,,,
967,R :The families of an order show close resemblance in certain fundamental features a,d also i,evolu,iona,y
968,trends.Sol.Answer (1),,,,
969,,,,,
970,Assertion and reason both are correct and also correct explanation.4.A :Biological c,ncept of,specie,is,ased
971,R :Most accepted species concept was given by Linnaeus.,,,,
972,Sol.Answer (3),,,,
973,"Biological concept of species, given by Ernst Mayr.",,,,
974,6060,,,,
975,6060,,,,
976,60,,,,
977,The Living WorldSolutions of Assignment (Set-2),,,,
978,Aakash Educational Services Pvt. Ltd.,,,,
979,"- Regd. Office : Aakash Tower, 8,",,,,
980,"Pusa Road,",,,,
981,New Delhi-1,,,,
982,10005 Ph.011-47623456,,,,
983,5.A :Synonyms are concerned with one of the most important rules of ICBN.,,,,
984,"R :Out of the two or more scientific names given to the organism, the oldest name is",recogniz,d as v,lid,ame
985,and other names are recognised as synonyms.,,,,
986,Sol.Answer (1)Assertion and Reason both are correct and correct explanation.,,,,
987,6.A :Botanical gardens are,,,,
988,ex-situ conservation strategy of plants.R :National Botanical Garden is situated at,owrah.,,,
989,Sol.Answer (3)National Botanical Garden is situated at Lucknow.,,,,
990,7.A :Two plants A and B are treated as two taxonomic species.,,,,
991,R :Both A and B are different in correlated characters.,,,,
992,Sol.Answer (1),,,,
993,Assertion and Reason both are correct and also gives correct explanation.8.A :Specie,is a ge,etical,y cl,sed
994,R :Because the reproductive isolation constitutes the most important boundary betwee,differe,t spec,es.,
995,Sol.Answer (1),,,,
996,,,,,
997,Species is a genetically closed system because the reproductive isolation constitute,the mos,impor,ant,
998,boundary between different species.9.A :Scientific names for plants have been standa,ized thr,ugh IC,N.,
999,R :Naming system which uses three word format was given by Linnaeus.,,,,
1000,Sol.Answer (3),,,,
1001,,,,,
1002,Trinomial nomenclature was given by Lamark.,,,,
1003,10.A :Dried specimens are poisoned by HgCl,,,,
1004,2.R :It protects the specimen from the moisture.,,,,
1005,Sol.Answer (3),,,,
1006,HgCl,,,,
1007,2 protects the specimen from the microbes.,,,,
